<?xml version="1.0" encoding="UTF-8" standalone="yes"?>
<addon id="repository.lokiwizard" name="[COLOR gold][B]Loki[/B][/COLOR]Wizard Repository" version="2.4" provider-name="hackmonker">
    <extension point="xbmc.addon.repository" name="[COLOR crimson][B]Loki[/B][/COLOR]Wizard Repository">
        <dir>
            <info compressed="false">https://raw.githubusercontent.com/hackmonker/repository.lokiwizard/master/repo/zips/addons.xml</info>
            <checksum>https://raw.githubusercontent.com/hackmonker/repository.lokiwizard/master/repo/zips/addons.xml.md5</checksum>
            <datadir zip="true">https://raw.githubusercontent.com/hackmonker/repository.lokiwizard/master/repo/zips/</datadir>
        </dir>
    </extension>
    <extension point="xbmc.addon.metadata">
        <summary>[COLOR gold][B]Loki[/B][/COLOR]Wizard</summary>
        <description>The official home of [COLOR gold][B]Loki[/B][/COLOR]Wizard.</description>
        <platform>all</platform>
        <assets>
            <icon>loki.jpg</icon>
            <fanart>fanart.jpg</fanart>
        </assets>
    </extension>
</addon>