<?xml version="1.0" encoding="UTF-8" standalone="yes"?>
<addon id="repository.amaterasuwizard" name="[COLOR crimson][B]Amaterasu[/B][/COLOR]Wizard Repository" version="2.4" provider-name="hackmonker">
    <extension point="xbmc.addon.repository" name="[COLOR crimson][B]Amaterasu[/B][/COLOR]Wizard Repository">
        <dir>
            <info compressed="false">https://raw.githubusercontent.com/hackmonker/amaterasu.github.io/master/repo/zips/addons.xml</info>
            <checksum>https://raw.githubusercontent.com/hackmonker/amaterasu.github.iohackmonker/amaterasu.github.io/master/repo/zips/addons.xml.md5</checksum>
            <datadir zip="true">https://raw.githubusercontent.com/hackmonker/amaterasu.github.io/master/repo/zips/</datadir>
        </dir>
    </extension>
    
    <extension point="xbmc.addon.metadata">
        <summary>[COLOR crimson][B]Amaterasu[/B][/COLOR]Wizard</summary>
        <description>The official home of [COLOR crimson][B]Amaterasu[/B][/COLOR]Wizard.</description>
        <platform>all</platform>
        <assets>
            <icon>icon.png</icon>
            <fanart>fanart.jpg</fanart>
        </assets>
        <source>https://github.com/hackmonker/amaterasu.github.io/</source>
    </extension>
</addon>